url,title,description,category,imageUrl,imgLow,imgMid,imgHigh
"https://www.flipkart.com/food-products/pr?sid=eat&offer=nb:mp:013fc9ae15,nb:mp:01b7046915&hpid=W6F0HwLe__IiiD6DaWgXRqp7_Hsxr70nj65vMAAFKlc=&affid=srkrtp121",Extra 10% Off,"Vahdam, Vanalaya & more",dotd,https://rukminim1.flixcart.com/image/800/800/ku79vgw0/honey/1/l/i/500-forest-raw-honey-unprocessed-unpasteurized-pure-natural-original-imag7dfexrbzvtza.jpeg?q=90,https://rukminim1.flixcart.com/image/200/200/ku79vgw0/honey/1/l/i/500-forest-raw-honey-unprocessed-unpasteurized-pure-natural-original-imag7dfexrbzvtza.jpeg?q=90,https://rukminim1.flixcart.com/image/400/400/ku79vgw0/honey/1/l/i/500-forest-raw-honey-unprocessed-unpasteurized-pure-natural-original-imag7dfexrbzvtza.jpeg?q=90,https://rukminim1.flixcart.com/image/800/800/ku79vgw0/honey/1/l/i/500-forest-raw-honey-unprocessed-unpasteurized-pure-natural-original-imag7dfexrbzvtza.jpeg?q=90
"https://www.flipkart.com/mens-footwear/~cs-69s5x5lrgk/pr?sid=osp%2Ccil&p[]=facets.price_range.from%3DMin&p[]=facets.price_range.to%3D249&offer=nb:mp:013bc47616,nb:mp:01f92a4616&hpid=ZCHjdYqUB_OyiyxtSOYPGKp7_Hsxr70nj65vMAAFKlc=&affid=srkrtp121",Under ₹249,Men's Casual Shoes & more,dotd,https://rukminim1.flixcart.com/image/800/800/k5vcya80pkrrdj/shoe/u/m/n/7-pilot-weldone-original-imaey6rqvy4yy3vg.jpeg?q=90,https://rukminim1.flixcart.com/image/200/200/k5vcya80pkrrdj/shoe/u/m/n/7-pilot-weldone-original-imaey6rqvy4yy3vg.jpeg?q=90,https://rukminim1.flixcart.com/image/400/400/k5vcya80pkrrdj/shoe/u/m/n/7-pilot-weldone-original-imaey6rqvy4yy3vg.jpeg?q=90,https://rukminim1.flixcart.com/image/800/800/k5vcya80pkrrdj/shoe/u/m/n/7-pilot-weldone-original-imaey6rqvy4yy3vg.jpeg?q=90
"https://www.flipkart.com/mens-footwear/pr?sid=osp%2Ccil&p%5B%5D=facets.brand%255B%255D%3DWROGN%2BACTIVE&p%5B%5D=facets.brand%255B%255D%3DASIAN&p%5B%5D=facets.brand%255B%255D%3DHRX%2Bby%2BHrithik%2BRoshan&p%5B%5D=facets.brand%255B%255D%3DPOWER&p%5B%5D=facets.brand%255B%255D%3DSLAZENGER&p%5B%5D=facets.brand%255B%255D%3DNIVIA&p%5B%5D=facets.brand%255B%255D%3DLOTTO&p%5B%5D=facets.brand%255B%255D%3DLANCER&p%5B%5D=facets.brand%255B%255D%3DFILA&p%5B%5D=facets.brand%255B%255D%3DBEEROCK&p%5B%5D=facets.brand%255B%255D%3DCAMPUS&p%5B%5D=facets.price_range.from%3D399&p%5B%5D=facets.price_range.to%3DMax&offer=nb:mp:013bc47616,nb:mp:014141a016,nb:mp:01f92a4616&hpid=o9CpRHauxsjJ663h1PvlNKp7_Hsxr70nj65vMAAFKlc=&affid=srkrtp121",From ₹399,Sports Shoes & more,dotd,https://rukminim1.flixcart.com/image/800/800/ktep2fk0/shoe/d/k/g/7-acaseo003-41-wrogn-active-blue-original-imag6rzfeexynvy6.jpeg?q=90,https://rukminim1.flixcart.com/image/200/200/ktep2fk0/shoe/d/k/g/7-acaseo003-41-wrogn-active-blue-original-imag6rzfeexynvy6.jpeg?q=90,https://rukminim1.flixcart.com/image/400/400/ktep2fk0/shoe/d/k/g/7-acaseo003-41-wrogn-active-blue-original-imag6rzfeexynvy6.jpeg?q=90,https://rukminim1.flixcart.com/image/800/800/ktep2fk0/shoe/d/k/g/7-acaseo003-41-wrogn-active-blue-original-imag6rzfeexynvy6.jpeg?q=90
https://www.flipkart.com/musical-instruments/pr?sid=ypu&offer=nb:mp:01a8f34d18&hpid=B80boxqjBfvrAzEjtCXcEap7_Hsxr70nj65vMAAFKlc=&affid=srkrtp121,Extra 5% Off,Explore Now!,dotd,https://rukminim1.flixcart.com/image/800/800/koynr0w0/flute/s/j/w/combo-of-c-scale-6-hole-14-inch-d-natural-7-hole-18-inch-original-imag3b9ahqapre29.jpeg?q=90,https://rukminim1.flixcart.com/image/200/200/koynr0w0/flute/s/j/w/combo-of-c-scale-6-hole-14-inch-d-natural-7-hole-18-inch-original-imag3b9ahqapre29.jpeg?q=90,https://rukminim1.flixcart.com/image/400/400/koynr0w0/flute/s/j/w/combo-of-c-scale-6-hole-14-inch-d-natural-7-hole-18-inch-original-imag3b9ahqapre29.jpeg?q=90,https://rukminim1.flixcart.com/image/800/800/koynr0w0/flute/s/j/w/combo-of-c-scale-6-hole-14-inch-d-natural-7-hole-18-inch-original-imag3b9ahqapre29.jpeg?q=90
https://www.flipkart.com/pens-stationery/pr?sid=dgv&p%5B%5D=facets.price_range.from%3DMin&p%5B%5D=facets.price_range.to%3D1000000&offer=nb:mp:01d8802f08&hpid=LIqY-OWyUWFhS1v0kBVBg6p7_Hsxr70nj65vMAAFKlc=&affid=srkrtp121,Upto 70%+Extra 5% off,"Notebooks, Pens & more",dotd,https://rukminim1.flixcart.com/image/800/800/krtjgcw0/pen/p/b/o/majesta-monarc-blue-ball-pen-0-7-mm-blister-pack-premium-pen-for-original-imag5gw5mgywbswz.jpeg?q=90,https://rukminim1.flixcart.com/image/200/200/krtjgcw0/pen/p/b/o/majesta-monarc-blue-ball-pen-0-7-mm-blister-pack-premium-pen-for-original-imag5gw5mgywbswz.jpeg?q=90,https://rukminim1.flixcart.com/image/400/400/krtjgcw0/pen/p/b/o/majesta-monarc-blue-ball-pen-0-7-mm-blister-pack-premium-pen-for-original-imag5gw5mgywbswz.jpeg?q=90,https://rukminim1.flixcart.com/image/800/800/krtjgcw0/pen/p/b/o/majesta-monarc-blue-ball-pen-0-7-mm-blister-pack-premium-pen-for-original-imag5gw5mgywbswz.jpeg?q=90
"https://www.flipkart.com/clothing-and-accessories/~cs-89097lipbr/pr?sid=clo&collection-tab-name=T-shirts%2C+Jeans&p%5B%5D=facets.price_range.from%3D249&p%5B%5D=facets.price_range.to%3DMax&offer=nb:mp:015b655a18,nb:mp:01a25c3718,nb:mp:01e4e08618&hpid=gV6EaKZt5Qwr5RLmkIGlLKp7_Hsxr70nj65vMAAFKlc=&affid=srkrtp121",From₹249 +Extra10%Off,"T-Shirts, Jeans, Jackets...",dotd,https://rukminim1.flixcart.com/image/800/800/jw6pifk0/t-shirt/h/b/n/s-9045005-harvard-original-imafgwnud4qwgdak.jpeg?q=90,https://rukminim1.flixcart.com/image/200/200/jw6pifk0/t-shirt/h/b/n/s-9045005-harvard-original-imafgwnud4qwgdak.jpeg?q=90,https://rukminim1.flixcart.com/image/400/400/jw6pifk0/t-shirt/h/b/n/s-9045005-harvard-original-imafgwnud4qwgdak.jpeg?q=90,https://rukminim1.flixcart.com/image/800/800/jw6pifk0/t-shirt/h/b/n/s-9045005-harvard-original-imafgwnud4qwgdak.jpeg?q=90
"https://www.flipkart.com/bags-wallets-belts/~wallets-belts/pr?count=40&p%5B%5D=facets.ideal_for%255B%255D%3DMen&p%5B%5D=facets.ideal_for%255B%255D%3DBoys%2B%2526%2BGirls&p%5B%5D=facets.ideal_for%255B%255D%3DMen%2B%2526%2BWomen&p%5B%5D=facets.ideal_for%255B%255D%3DBoys&p%5B%5D=facets.price_range.from%3D99&p%5B%5D=facets.price_range.to%3DMax&sid=reh&sort=popularity&offer=nb:mp:017b1d1116,nb:mp:0198ce6816,nb:mp:01c7b3dc16&hpid=eTRmEnkvJS3rSSIbDlUsC6p7_Hsxr70nj65vMAAFKlc=&affid=srkrtp121",From ₹99+Upto 10%Off,Selling Fast!GrabNow!,dotd,https://rukminim1.flixcart.com/image/800/800/jv19qq80/accessories-combo/x/s/g/bw3095-hornbull-original-imafgffhcgzrucm7.jpeg?q=90,https://rukminim1.flixcart.com/image/200/200/jv19qq80/accessories-combo/x/s/g/bw3095-hornbull-original-imafgffhcgzrucm7.jpeg?q=90,https://rukminim1.flixcart.com/image/400/400/jv19qq80/accessories-combo/x/s/g/bw3095-hornbull-original-imafgffhcgzrucm7.jpeg?q=90,https://rukminim1.flixcart.com/image/800/800/jv19qq80/accessories-combo/x/s/g/bw3095-hornbull-original-imafgffhcgzrucm7.jpeg?q=90
https://www.flipkart.com/home-decor/stickers-wallpapers/stickers/pr?sid=arb%2Cyod%2Csi0&p%5B%5D=facets.is_gst%255B%255D%3DGST%2BInvoice%2BAvailable&offer=nb:mp:01919fe115&hpid=Fuz3vn8aSOU3gpQsQg62bqp7_Hsxr70nj65vMAAFKlc=&affid=srkrtp121,Extra 10% Offer,"WallBerry, Walltop & more",dotd,https://rukminim1.flixcart.com/image/800/800/k12go7k0/sticker/n/h/g/wall-stickers-wallpaper-3d-ivy-plant-nature-restaurant-office-original-imafknuyg7yghqha.jpeg?q=90,https://rukminim1.flixcart.com/image/200/200/k12go7k0/sticker/n/h/g/wall-stickers-wallpaper-3d-ivy-plant-nature-restaurant-office-original-imafknuyg7yghqha.jpeg?q=90,https://rukminim1.flixcart.com/image/400/400/k12go7k0/sticker/n/h/g/wall-stickers-wallpaper-3d-ivy-plant-nature-restaurant-office-original-imafknuyg7yghqha.jpeg?q=90,https://rukminim1.flixcart.com/image/800/800/k12go7k0/sticker/n/h/g/wall-stickers-wallpaper-3d-ivy-plant-nature-restaurant-office-original-imafknuyg7yghqha.jpeg?q=90
"https://www.flipkart.com/home-decor/pr?sid=arb&marketplace=FLIPKART&offer=nb:mp:010d3d0915,nb:mp:01b45f7915&hpid=b6lK7X-nlAFy2z2tkCJYVqp7_Hsxr70nj65vMAAFKlc=&affid=srkrtp121",Extra 10% Offer,"Wallpapers, Paintings & more",dotd,https://rukminim1.flixcart.com/image/800/800/jxhv1jk0/normal-photo-frame/f/w/c/phtoframe121-0o9-volga-original-imafhxbf667duape.jpeg?q=90,https://rukminim1.flixcart.com/image/200/200/jxhv1jk0/normal-photo-frame/f/w/c/phtoframe121-0o9-volga-original-imafhxbf667duape.jpeg?q=90,https://rukminim1.flixcart.com/image/400/400/jxhv1jk0/normal-photo-frame/f/w/c/phtoframe121-0o9-volga-original-imafhxbf667duape.jpeg?q=90,https://rukminim1.flixcart.com/image/800/800/jxhv1jk0/normal-photo-frame/f/w/c/phtoframe121-0o9-volga-original-imafhxbf667duape.jpeg?q=90
"https://www.flipkart.com/home-improvement/home-utilities-and-organizers/umbrellas/pr?sid=h1m,iee,kjp&offer=nb:mp:01c99e0517&hpid=C8uPbIOARuvUiG9Ii6-cNKp7_Hsxr70nj65vMAAFKlc=&affid=srkrtp121",From ₹249,Best Selling,dotd,https://rukminim1.flixcart.com/image/800/800/kpbipow0/umbrella/e/8/m/affinity-24-5-inch-2-fold-auto-open-eume-original-imag3h2fmhzggzwx.jpeg?q=90,https://rukminim1.flixcart.com/image/200/200/kpbipow0/umbrella/e/8/m/affinity-24-5-inch-2-fold-auto-open-eume-original-imag3h2fmhzggzwx.jpeg?q=90,https://rukminim1.flixcart.com/image/400/400/kpbipow0/umbrella/e/8/m/affinity-24-5-inch-2-fold-auto-open-eume-original-imag3h2fmhzggzwx.jpeg?q=90,https://rukminim1.flixcart.com/image/800/800/kpbipow0/umbrella/e/8/m/affinity-24-5-inch-2-fold-auto-open-eume-original-imag3h2fmhzggzwx.jpeg?q=90
"https://www.flipkart.com/watches/pr?sid=r18&offer=nb:mp:0100572217,nb:mp:017ef78416,nb:mp:01c7b3dc16&hpid=JAF_KEX8cTXgqnmlhHZ-Rap7_Hsxr70nj65vMAAFKlc=&affid=srkrtp121",20-60% Off + Extra 5%,Deals Just For You,dotd,https://rukminim1.flixcart.com/image/800/800/ku79vgw0/watch/a/7/k/jr1401-fossil-men-original-imag7cvawuhhpghb.jpeg?q=90,https://rukminim1.flixcart.com/image/200/200/ku79vgw0/watch/a/7/k/jr1401-fossil-men-original-imag7cvawuhhpghb.jpeg?q=90,https://rukminim1.flixcart.com/image/400/400/ku79vgw0/watch/a/7/k/jr1401-fossil-men-original-imag7cvawuhhpghb.jpeg?q=90,https://rukminim1.flixcart.com/image/800/800/ku79vgw0/watch/a/7/k/jr1401-fossil-men-original-imag7cvawuhhpghb.jpeg?q=90
"https://www.flipkart.com/food-products/pr?sid=eat&param=2974&offer=nb:mp:0178960d16,nb:mp:0180d21c16&hpid=e5NMcLte4TPZFzl2iozjpqp7_Hsxr70nj65vMAAFKlc=&affid=srkrtp121",Extra 5% Off,Dry Fruits & More,dotd,https://rukminim1.flixcart.com/image/800/800/jmjhifk0/nut-dry-fruit/k/d/z/500-california-500g-pouch-pouch-wonderland-original-imaf9ce7hgyg9kwc.jpeg?q=90,https://rukminim1.flixcart.com/image/200/200/jmjhifk0/nut-dry-fruit/k/d/z/500-california-500g-pouch-pouch-wonderland-original-imaf9ce7hgyg9kwc.jpeg?q=90,https://rukminim1.flixcart.com/image/400/400/jmjhifk0/nut-dry-fruit/k/d/z/500-california-500g-pouch-pouch-wonderland-original-imaf9ce7hgyg9kwc.jpeg?q=90,https://rukminim1.flixcart.com/image/800/800/jmjhifk0/nut-dry-fruit/k/d/z/500-california-500g-pouch-pouch-wonderland-original-imaf9ce7hgyg9kwc.jpeg?q=90
"https://www.flipkart.com/home-furnishing/bed-linen-blankets/bedsheets/pr?sid=jra%2Cknw%2Cqcw&offer=nb:mp:0182de0f15,nb:mp:01dc3ae815,nb:mp:01e86dd115&hpid=_UnUKOs-aOrlgbqdtJtM3qp7_Hsxr70nj65vMAAFKlc=&affid=srkrtp121",Upto 80% OFF + 10%OFF,"Raymond, Trident & more",dotd,https://rukminim1.flixcart.com/image/800/800/k9x3v680/bedsheet/g/u/n/designer-blcb07-flat-iws-original-imafrhpthc9gqcgq.jpeg?q=90,https://rukminim1.flixcart.com/image/200/200/k9x3v680/bedsheet/g/u/n/designer-blcb07-flat-iws-original-imafrhpthc9gqcgq.jpeg?q=90,https://rukminim1.flixcart.com/image/400/400/k9x3v680/bedsheet/g/u/n/designer-blcb07-flat-iws-original-imafrhpthc9gqcgq.jpeg?q=90,https://rukminim1.flixcart.com/image/800/800/k9x3v680/bedsheet/g/u/n/designer-blcb07-flat-iws-original-imafrhpthc9gqcgq.jpeg?q=90
https://www.flipkart.com/computers/pr?sid=6bo&offer=nb:mp:0110b66317&hpid=qG48SiVTdqkM9Qtr6cTW4ap7_Hsxr70nj65vMAAFKlc=&affid=srkrtp121,From ₹99,"Mouse Pad, Keyboards, USB & more",dotd,https://rukminim1.flixcart.com/image/800/800/kll7bm80/mousepad/7/f/k/pad-gelexy-mousepad-the-printpack-original-imagyzrsrtubffvy.jpeg?q=90,https://rukminim1.flixcart.com/image/200/200/kll7bm80/mousepad/7/f/k/pad-gelexy-mousepad-the-printpack-original-imagyzrsrtubffvy.jpeg?q=90,https://rukminim1.flixcart.com/image/400/400/kll7bm80/mousepad/7/f/k/pad-gelexy-mousepad-the-printpack-original-imagyzrsrtubffvy.jpeg?q=90,https://rukminim1.flixcart.com/image/800/800/kll7bm80/mousepad/7/f/k/pad-gelexy-mousepad-the-printpack-original-imagyzrsrtubffvy.jpeg?q=90
"https://www.flipkart.com/furniture/pr?sid=wwe&marketplace=FLIPKART&p%5B%5D=facets.price_range.from%3DMin&p%5B%5D=facets.price_range.to%3D1299&offer=nb:mp:0150efe416,nb:mp:018b71d016,nb:mp:01b3d72e16&hpid=oId8FDT6mLZfCmNlNldWC6p7_Hsxr70nj65vMAAFKlc=&affid=srkrtp121",From ₹199,Deal Of The Day,dotd,https://rukminim1.flixcart.com/image/800/800/kxnl6kw0/side-table/9/z/9/11-6-11-6-mdf-0-8-standing-floor-4-tier-rack-wall-shelf-for-original-imaga2b7ydt7cwdz.jpeg?q=90,https://rukminim1.flixcart.com/image/200/200/kxnl6kw0/side-table/9/z/9/11-6-11-6-mdf-0-8-standing-floor-4-tier-rack-wall-shelf-for-original-imaga2b7ydt7cwdz.jpeg?q=90,https://rukminim1.flixcart.com/image/400/400/kxnl6kw0/side-table/9/z/9/11-6-11-6-mdf-0-8-standing-floor-4-tier-rack-wall-shelf-for-original-imaga2b7ydt7cwdz.jpeg?q=90,https://rukminim1.flixcart.com/image/800/800/kxnl6kw0/side-table/9/z/9/11-6-11-6-mdf-0-8-standing-floor-4-tier-rack-wall-shelf-for-original-imaga2b7ydt7cwdz.jpeg?q=90
"https://www.flipkart.com/clothing-and-accessories/~cs-53f29i8n1q/pr?sid=clo&collection-tab-name=Kurtas%2C+Sets%2C+Festive+wear&p%5B%5D=facets.price_range.from%3D249&p%5B%5D=facets.price_range.to%3D799&offer=nb:mp:0141a07716,nb:mp:01dc3e3316&hpid=A0v89umHiIQfsTeyFJF5bap7_Hsxr70nj65vMAAFKlc=&affid=srkrtp121",From ₹249+Extra10%Off,"Libas, Gerua, & more...",dotd,https://rukminim1.flixcart.com/image/800/800/kdvzwcw0-0/kurta/w/2/2/l-ya7514-aks-original-imafuzypvbhhmzys.jpeg?q=90,https://rukminim1.flixcart.com/image/200/200/kdvzwcw0-0/kurta/w/2/2/l-ya7514-aks-original-imafuzypvbhhmzys.jpeg?q=90,https://rukminim1.flixcart.com/image/400/400/kdvzwcw0-0/kurta/w/2/2/l-ya7514-aks-original-imafuzypvbhhmzys.jpeg?q=90,https://rukminim1.flixcart.com/image/800/800/kdvzwcw0-0/kurta/w/2/2/l-ya7514-aks-original-imafuzypvbhhmzys.jpeg?q=90
https://www.flipkart.com/clothing-and-accessories/~cs-x385108gkg/pr?sid=clo&collection-tab-name=Shirts%2C+Trousers..&p%5B%5D=facets.discount_range_v1%255B%255D%3D50%2525%2Bor%2Bmore&offer=nb:mp:011f463d18&hpid=KD1fVam_6s_CkQ2VZUDrmKp7_Hsxr70nj65vMAAFKlc=&affid=srkrtp121,Min.50% +Extra 10%Off,"Shirts, Trousers..",dotd,https://rukminim1.flixcart.com/image/800/800/jw5a2kw0/shirt/e/u/w/44-8682309-wrogn-original-imafgwgq4wyjpgsu.jpeg?q=90,https://rukminim1.flixcart.com/image/200/200/jw5a2kw0/shirt/e/u/w/44-8682309-wrogn-original-imafgwgq4wyjpgsu.jpeg?q=90,https://rukminim1.flixcart.com/image/400/400/jw5a2kw0/shirt/e/u/w/44-8682309-wrogn-original-imafgwgq4wyjpgsu.jpeg?q=90,https://rukminim1.flixcart.com/image/800/800/jw5a2kw0/shirt/e/u/w/44-8682309-wrogn-original-imafgwgq4wyjpgsu.jpeg?q=90
"https://www.flipkart.com/clothing-and-accessories/~cs-xy4u999k18/pr?sid=clo&collection-tab-name=Bottoms%2C+Ethnic%2C+Track+Suits&p%5B%5D=facets.discount_range_v1%255B%255D%3D50%2525%2Bor%2Bmore&p%5B%5D=facets.ideal_for%255B%255D%3DMen&offer=nb:mp:01853c1418,nb:mp:01e4e08618&hpid=lzWSsululGwznoAHERQNoKp7_Hsxr70nj65vMAAFKlc=&affid=srkrtp121",Min 50%+Extra 10% Off,"Trackpants, Tracksuits, Kurtas..",dotd,https://rukminim1.flixcart.com/image/800/800/kxqg2a80/track-pant/u/0/s/m-solid-men-rama-track-pants-foxter-original-imaga4hhhnfskakh.jpeg?q=90,https://rukminim1.flixcart.com/image/200/200/kxqg2a80/track-pant/u/0/s/m-solid-men-rama-track-pants-foxter-original-imaga4hhhnfskakh.jpeg?q=90,https://rukminim1.flixcart.com/image/400/400/kxqg2a80/track-pant/u/0/s/m-solid-men-rama-track-pants-foxter-original-imaga4hhhnfskakh.jpeg?q=90,https://rukminim1.flixcart.com/image/800/800/kxqg2a80/track-pant/u/0/s/m-solid-men-rama-track-pants-foxter-original-imaga4hhhnfskakh.jpeg?q=90
"https://www.flipkart.com/automotive-accessories/pr?sid=1mt&marketplace=FLIPKART&offer=nb:mp:013683ef17,nb:mp:01621f2617&affid=srkrtp121",From ₹99+Extra10%Off,"Steelbird, CEAT...",dotd,https://rukminim1.flixcart.com/flap/800/800/image/c522024438fa3c08.jpg?q=90,https://rukminim1.flixcart.com/flap/200/200/image/c522024438fa3c08.jpg?q=90,https://rukminim1.flixcart.com/flap/400/400/image/c522024438fa3c08.jpg?q=90,https://rukminim1.flixcart.com/flap/800/800/image/c522024438fa3c08.jpg?q=90
"https://www.flipkart.com/all/~cs-p1cz7sji5h/pr?sid=all&collection-tab-name=Pressure+Cooker+and+Cookware+Sets&offer=nb:mp:0138d17614,nb:mp:01f96f8d10&affid=srkrtp121",From ₹549,"Pigeon, Prestige & more",dotd,https://rukminim1.flixcart.com/flap/800/800/image/c5e00a7c49e1dc72.jpg?q=90,https://rukminim1.flixcart.com/flap/200/200/image/c5e00a7c49e1dc72.jpg?q=90,https://rukminim1.flixcart.com/flap/400/400/image/c5e00a7c49e1dc72.jpg?q=90,https://rukminim1.flixcart.com/flap/800/800/image/c5e00a7c49e1dc72.jpg?q=90
https://www.flipkart.com/toys/pr?sid=tng&marketplace=FLIPKART&p%5B%5D=facets.fulfilled_by%255B%255D%3DFlipkart%2BAssured&sort=recency_desc&offer=nb:mp:01d8802f08&hpid=OJOTqeuMnsVRv1P7OYhUh6p7_Hsxr70nj65vMAAFKlc=&affid=srkrtp121,From ₹75+Extra 5% Off,"Fisher-Price, Miss&Chief & more",dotd,https://rukminim1.flixcart.com/image/800/800/kz5vwy80/block-construction/m/n/d/baby-s-first-alphabet-blocks-learning-shape-sorting-16-blocks-original-imagb8hkyeeant8k.jpeg?q=90,https://rukminim1.flixcart.com/image/200/200/kz5vwy80/block-construction/m/n/d/baby-s-first-alphabet-blocks-learning-shape-sorting-16-blocks-original-imagb8hkyeeant8k.jpeg?q=90,https://rukminim1.flixcart.com/image/400/400/kz5vwy80/block-construction/m/n/d/baby-s-first-alphabet-blocks-learning-shape-sorting-16-blocks-original-imagb8hkyeeant8k.jpeg?q=90,https://rukminim1.flixcart.com/image/800/800/kz5vwy80/block-construction/m/n/d/baby-s-first-alphabet-blocks-learning-shape-sorting-16-blocks-original-imagb8hkyeeant8k.jpeg?q=90
https://www.flipkart.com/home-kitchen/home-appliances/pr?sid=j9e&offer=nb:mp:01b3739816&hpid=hmCKN7ajWNhUznxc9ZY266p7_Hsxr70nj65vMAAFKlc=&affid=srkrtp121,Up to 65% Off,"Bajaj, Orient & more",dotd,https://rukminim1.flixcart.com/image/800/800/kddf6a80/water-geyser/h/y/x/instanio-3000-havells-3-original-imafua9vzgwcumjv.jpeg?q=90,https://rukminim1.flixcart.com/image/200/200/kddf6a80/water-geyser/h/y/x/instanio-3000-havells-3-original-imafua9vzgwcumjv.jpeg?q=90,https://rukminim1.flixcart.com/image/400/400/kddf6a80/water-geyser/h/y/x/instanio-3000-havells-3-original-imafua9vzgwcumjv.jpeg?q=90,https://rukminim1.flixcart.com/image/800/800/kddf6a80/water-geyser/h/y/x/instanio-3000-havells-3-original-imafua9vzgwcumjv.jpeg?q=90
"https://www.flipkart.com/kitchen-cookware-serveware/tableware-dinnerware/pr?sid=upp,i7t&offer=nb:mp:0138d17614,nb:mp:01f96f8d10&affid=srkrtp121",From ₹199,"Cello, Borosil & more",dotd,https://rukminim1.flixcart.com/flap/800/800/image/ff8ca60caedc9a91.jpg?q=90,https://rukminim1.flixcart.com/flap/200/200/image/ff8ca60caedc9a91.jpg?q=90,https://rukminim1.flixcart.com/flap/400/400/image/ff8ca60caedc9a91.jpg?q=90,https://rukminim1.flixcart.com/flap/800/800/image/ff8ca60caedc9a91.jpg?q=90
"https://www.flipkart.com/furniture/pr?sid=wwe&marketplace=FLIPKART&p%5B%5D=facets.price_range.from%3DMin&p%5B%5D=facets.price_range.to%3D2000&offer=nb:mp:0135aca916,nb:mp:018b71d016,nb:mp:01b3d72e16&hpid=u55ilPf2Psg5dzxj1_hVNap7_Hsxr70nj65vMAAFKlc=&affid=srkrtp121",From ₹199,Deal Of The Day,dotd,https://rukminim1.flixcart.com/image/800/800/kv8fbm80/kitchen-trolley/t/x/j/2-3-tier-storage-trolley-metal-utility-trolley-storage-trolley-original-imag86j5p552zhgy.jpeg?q=90,https://rukminim1.flixcart.com/image/200/200/kv8fbm80/kitchen-trolley/t/x/j/2-3-tier-storage-trolley-metal-utility-trolley-storage-trolley-original-imag86j5p552zhgy.jpeg?q=90,https://rukminim1.flixcart.com/image/400/400/kv8fbm80/kitchen-trolley/t/x/j/2-3-tier-storage-trolley-metal-utility-trolley-storage-trolley-original-imag86j5p552zhgy.jpeg?q=90,https://rukminim1.flixcart.com/image/800/800/kv8fbm80/kitchen-trolley/t/x/j/2-3-tier-storage-trolley-metal-utility-trolley-storage-trolley-original-imag86j5p552zhgy.jpeg?q=90
"https://www.flipkart.com/jewellery/artificial-jewellery/pr?sid=mcr%2C96v&p%5B%5D=facets.price_range.from%3DMin&p%5B%5D=facets.price_range.to%3D699&offer=nb:mp:017b1d1116,nb:mp:0198ce6816,nb:mp:01c7b3dc16&affid=srkrtp121",Under₹699+Extra10%Off,Stylish Collection@Insane Price,dotd,https://rukminim1.flixcart.com/flap/800/800/image/2b821474ff5a35c9.jpg?q=90,https://rukminim1.flixcart.com/flap/200/200/image/2b821474ff5a35c9.jpg?q=90,https://rukminim1.flixcart.com/flap/400/400/image/2b821474ff5a35c9.jpg?q=90,https://rukminim1.flixcart.com/flap/800/800/image/2b821474ff5a35c9.jpg?q=90
"https://www.flipkart.com/health-care/pr?sid=hlc&offer=nb:mp:01a6b52215,nb:mp:01d9f1b415&hpid=3AAlxlMS7QSlzaMtjeHlK6p7_Hsxr70nj65vMAAFKlc=&affid=srkrtp121",Extra 10% Off,"Naturewell, BBetter & more",dotd,https://rukminim1.flixcart.com/image/800/800/kgfg2vk0/vitamin-supplement/z/d/k/60-fish-oil-double-strength-omega-3-fatty-acids-with-epa-360-mg-original-imafwng4tctjzhh5.jpeg?q=90,https://rukminim1.flixcart.com/image/200/200/kgfg2vk0/vitamin-supplement/z/d/k/60-fish-oil-double-strength-omega-3-fatty-acids-with-epa-360-mg-original-imafwng4tctjzhh5.jpeg?q=90,https://rukminim1.flixcart.com/image/400/400/kgfg2vk0/vitamin-supplement/z/d/k/60-fish-oil-double-strength-omega-3-fatty-acids-with-epa-360-mg-original-imafwng4tctjzhh5.jpeg?q=90,https://rukminim1.flixcart.com/image/800/800/kgfg2vk0/vitamin-supplement/z/d/k/60-fish-oil-double-strength-omega-3-fatty-acids-with-epa-360-mg-original-imafwng4tctjzhh5.jpeg?q=90
"https://www.flipkart.com/health-personal-care-appliances/pr?sid=zlw&offer=nb:mp:018782c916,nb:mp:01ed11e916&affid=srkrtp121",From ₹299,By Nova & Oral-B,dotd,https://rukminim1.flixcart.com/flap/800/800/image/2f9c30a7ce3de5e7.jpg?q=90,https://rukminim1.flixcart.com/flap/200/200/image/2f9c30a7ce3de5e7.jpg?q=90,https://rukminim1.flixcart.com/flap/400/400/image/2f9c30a7ce3de5e7.jpg?q=90,https://rukminim1.flixcart.com/flap/800/800/image/2f9c30a7ce3de5e7.jpg?q=90
"https://www.flipkart.com/kitchen-cookware-serveware/lunch-boxes-bottles-and-flasks/lunch-boxes/pr?sid=upp%2Cf2k%2Cu70&sort=popularity&offer=nb:mp:0138d17614,nb:mp:01f96f8d10&hpid=FX2F11bXyaMwAbKjLpRb2ap7_Hsxr70nj65vMAAFKlc=&affid=srkrtp121",From ₹99,"Milton, Oliveware and More",dotd,https://rukminim1.flixcart.com/image/800/800/k0flmkw0/lunch-box/x/j/y/executive-milton-3-original-imafk8faa9hkxuzr.jpeg?q=90,https://rukminim1.flixcart.com/image/200/200/k0flmkw0/lunch-box/x/j/y/executive-milton-3-original-imafk8faa9hkxuzr.jpeg?q=90,https://rukminim1.flixcart.com/image/400/400/k0flmkw0/lunch-box/x/j/y/executive-milton-3-original-imafk8faa9hkxuzr.jpeg?q=90,https://rukminim1.flixcart.com/image/800/800/k0flmkw0/lunch-box/x/j/y/executive-milton-3-original-imafk8faa9hkxuzr.jpeg?q=90
"https://www.flipkart.com/mens-footwear/pr?sid=osp%2Ccil&p%5B%5D=facets.brand%255B%255D%3DAadi&p%5B%5D=facets.brand%255B%255D%3DBata&p%5B%5D=facets.brand%255B%255D%3DRED%2BTAPE&p%5B%5D=facets.brand%255B%255D%3DKraasa&p%5B%5D=facets.brand%255B%255D%3DRED%2BCHIEF&p%5B%5D=facets.brand%255B%255D%3DChevit&p%5B%5D=facets.brand%255B%255D%3DLayasa&p%5B%5D=facets.brand%255B%255D%3DBRUTON&p%5B%5D=facets.brand%255B%255D%3DT-ROCK&p%5B%5D=facets.brand%255B%255D%3DRobbie%2Bjones&p%5B%5D=facets.brand%255B%255D%3DPROVOGUE&p%5B%5D=facets.brand%255B%255D%3DESSENCE&p%5B%5D=facets.brand%255B%255D%3DMILESWALKER&p%5B%5D=facets.brand%255B%255D%3DORICUM&p%5B%5D=facets.brand%255B%255D%3DArivo&p%5B%5D=facets.brand%255B%255D%3DTR&p%5B%5D=facets.brand%255B%255D%3DK%2B%2527%2BFootlance&p%5B%5D=facets.brand%255B%255D%3DVellinto&p%5B%5D=facets.brand%255B%255D%3DWorld%2BWear%2BFootwear&p%5B%5D=facets.brand%255B%255D%3DU.S.%2BPOLO%2BASSN.&p%5B%5D=facets.brand%255B%255D%3DLEE%2BCOOPER&p%5B%5D=facets.brand%255B%255D%3Dbacca%2Bbucci&p%5B%5D=facets.brand%255B%255D%3DAxter&p%5B%5D=facets.brand%255B%255D%3Drestinfoot&p%5B%5D=facets.brand%255B%255D%3DHOTSTYLE&p%5B%5D=facets.brand%255B%255D%3DAbsolute%2Bcomfort&p%5B%5D=facets.brand%255B%255D%3DPery%2Bpao&p%5B%5D=facets.brand%255B%255D%3DMonoction&p%5B%5D=facets.brand%255B%255D%3DHUSH%2BPUPPIES&p%5B%5D=facets.brand%255B%255D%3DBond%2BStreet%2BBy%2BRed%2BTape&p%5B%5D=facets.brand%255B%255D%3DAlfiyo&p%5B%5D=facets.brand%255B%255D%3DACTION&p%5B%5D=facets.brand%255B%255D%3DADIDAS%2BORIGINALS&p%5B%5D=facets.brand%255B%255D%3DROCKFIELD&p%5B%5D=facets.brand%255B%255D%3DREEBOK%2BCLASSICS&p%5B%5D=facets.brand%255B%255D%3Dbluemaker&p%5B%5D=facets.brand%255B%255D%3DTRYME&p%5B%5D=facets.brand%255B%255D%3DZixer&p%5B%5D=facets.brand%255B%255D%3D3SIX5&p%5B%5D=facets.brand%255B%255D%3DMartin%2BScott&p%5B%5D=facets.brand%255B%255D%3DKzaara&p%5B%5D=facets.brand%255B%255D%3DFzzirok&p%5B%5D=facets.brand%255B%255D%3DNumenzo&p%5B%5D=facets.brand%255B%255D%3DK%2527%2BFootlance&p%5B%5D=facets.brand%255B%255D%3DDeals4you&p%5B%5D=facets.brand%255B%255D%3DFoot%2BPrint&p%5B%5D=facets.brand%255B%255D%3DUnistar&p%5B%5D=facets.brand%255B%255D%3DMagnolia&p%5B%5D=facets.brand%255B%255D%3DAfashion&p%5B%5D=facets.brand%255B%255D%3DiD&p%5B%5D=facets.brand%255B%255D%3DTying&p%5B%5D=facets.brand%255B%255D%3DWOODLAND&p%5B%5D=facets.brand%255B%255D%3DKnoos&p%5B%5D=facets.brand%255B%255D%3DSHOEFLY&p%5B%5D=facets.brand%255B%255D%3DSCATCHITE&p%5B%5D=facets.brand%255B%255D%3DNayka&p%5B%5D=facets.brand%255B%255D%3DD-SNEAKERZ&p%5B%5D=facets.brand%255B%255D%3Dadzon&p%5B%5D=facets.brand%255B%255D%3DShoes%2BBank&p%5B%5D=facets.brand%255B%255D%3DPara%2BCommando&p%5B%5D=facets.brand%255B%255D%3DEnglewood&p%5B%5D=facets.brand%255B%255D%3DBIRDE&p%5B%5D=facets.brand%255B%255D%3DCLYMB&p%5B%5D=facets.price_range.from%3D199&p%5B%5D=facets.price_range.to%3DMax&offer=nb:mp:013bc47616,nb:mp:01f92a4616&hpid=5mVNirR5XGp8RIzJEkFR8qp7_Hsxr70nj65vMAAFKlc=&affid=srkrtp121",From ₹199+Extra10%off,Casual Shoes For Men's,dotd,https://rukminim1.flixcart.com/image/800/800/ktizdzk0/shoe/i/3/n/6-sp7222-kraasa-blue-original-imag6vfducvggbfu.jpeg?q=90,https://rukminim1.flixcart.com/image/200/200/ktizdzk0/shoe/i/3/n/6-sp7222-kraasa-blue-original-imag6vfducvggbfu.jpeg?q=90,https://rukminim1.flixcart.com/image/400/400/ktizdzk0/shoe/i/3/n/6-sp7222-kraasa-blue-original-imag6vfducvggbfu.jpeg?q=90,https://rukminim1.flixcart.com/image/800/800/ktizdzk0/shoe/i/3/n/6-sp7222-kraasa-blue-original-imag6vfducvggbfu.jpeg?q=90
"https://www.flipkart.com/mobile-accessories/batteries/pr?sid=tyy,4mr,w65&offer=nb:mp:01c99e0517&hpid=4pYDNekkvKqWyKsJ8uO6H6p7_Hsxr70nj65vMAAFKlc=&affid=srkrtp121",From ₹ 49,Best Selling,dotd,https://rukminim1.flixcart.com/image/800/800/kq2o2vk0/battery/alkaline-battery/f/h/u/chhota-power-alkaline-aa-batteries-pack-of-3-12-pcs-duracell-original-imag4664g5hrm6qg.jpeg?q=90,https://rukminim1.flixcart.com/image/200/200/kq2o2vk0/battery/alkaline-battery/f/h/u/chhota-power-alkaline-aa-batteries-pack-of-3-12-pcs-duracell-original-imag4664g5hrm6qg.jpeg?q=90,https://rukminim1.flixcart.com/image/400/400/kq2o2vk0/battery/alkaline-battery/f/h/u/chhota-power-alkaline-aa-batteries-pack-of-3-12-pcs-duracell-original-imag4664g5hrm6qg.jpeg?q=90,https://rukminim1.flixcart.com/image/800/800/kq2o2vk0/battery/alkaline-battery/f/h/u/chhota-power-alkaline-aa-batteries-pack-of-3-12-pcs-duracell-original-imag4664g5hrm6qg.jpeg?q=90
"https://www.flipkart.com/home-furnishing/pr?sid=jra&offer=nb:mp:0182de0f15,nb:mp:01dc3ae815,nb:mp:01e86dd115&hpid=uMEwzfmfGFftuzkkbe49Jqp7_Hsxr70nj65vMAAFKlc=&affid=srkrtp121",From ₹99 + 10% OFF,Lowest Price Ever..!!,dotd,https://rukminim1.flixcart.com/image/800/800/k30h8y80/blanket/y/6/4/emboss-blanket-emboss-blanket15-radhika-creation-original-imafm8grhxrqej7w.jpeg?q=90,https://rukminim1.flixcart.com/image/200/200/k30h8y80/blanket/y/6/4/emboss-blanket-emboss-blanket15-radhika-creation-original-imafm8grhxrqej7w.jpeg?q=90,https://rukminim1.flixcart.com/image/400/400/k30h8y80/blanket/y/6/4/emboss-blanket-emboss-blanket15-radhika-creation-original-imafm8grhxrqej7w.jpeg?q=90,https://rukminim1.flixcart.com/image/800/800/k30h8y80/blanket/y/6/4/emboss-blanket-emboss-blanket15-radhika-creation-original-imafm8grhxrqej7w.jpeg?q=90
https://www.flipkart.com/0pm/~cs-rlp4i4uyz6/pr?sid=0pm&collection-tab-name=dotd&offer=nb:mp:015b2f2917&affid=srkrtp121,Buy Now!,Intex and more,dotd,https://rukminim1.flixcart.com/image/800/800/ki4w0i80-0/speaker/mobile-tablet-speaker/d/q/s/beast-601-intex-original-imafyy3jpqynfbnk.jpeg?q=90,https://rukminim1.flixcart.com/image/200/200/ki4w0i80-0/speaker/mobile-tablet-speaker/d/q/s/beast-601-intex-original-imafyy3jpqynfbnk.jpeg?q=90,https://rukminim1.flixcart.com/image/400/400/ki4w0i80-0/speaker/mobile-tablet-speaker/d/q/s/beast-601-intex-original-imafyy3jpqynfbnk.jpeg?q=90,https://rukminim1.flixcart.com/image/800/800/ki4w0i80-0/speaker/mobile-tablet-speaker/d/q/s/beast-601-intex-original-imafyy3jpqynfbnk.jpeg?q=90
"https://www.flipkart.com/bags-wallets-belts/~cs-yqpnjob9z8/pr?sid=reh&collection-tab-name=Backpacks%2C+Handbags+and+more&p%5B%5D=facets.discount_range_v1%255B%255D%3D50%2525%2Bor%2Bmore&sort=popularity&param=13&offer=nb:mp:01380e5f17,nb:mp:015b2f7917,nb:mp:01c6f14f17&affid=srkrtp121",50-70%+Extra 10% Off,Top Deals In a Budget,dotd,https://rukminim1.flixcart.com/flap/800/800/image/c5614f32560bccf7.jpg?q=90,https://rukminim1.flixcart.com/flap/200/200/image/c5614f32560bccf7.jpg?q=90,https://rukminim1.flixcart.com/flap/400/400/image/c5614f32560bccf7.jpg?q=90,https://rukminim1.flixcart.com/flap/800/800/image/c5614f32560bccf7.jpg?q=90
"https://www.flipkart.com/home-improvement/tools-and-measuring-equipment/pr?sid=h1m,hww&offer=nb:mp:01c99e0517&hpid=g2-OP27uWIdKlyipe6mgR6p7_Hsxr70nj65vMAAFKlc=&affid=srkrtp121",From ₹99,Best Selling,dotd,https://rukminim1.flixcart.com/image/800/800/power-drill/a/v/2/fk-5513-pro-650w-13mm-reversible-160pcs-foster-original-imaer2pbmpfaabsh.jpeg?q=90,https://rukminim1.flixcart.com/image/200/200/power-drill/a/v/2/fk-5513-pro-650w-13mm-reversible-160pcs-foster-original-imaer2pbmpfaabsh.jpeg?q=90,https://rukminim1.flixcart.com/image/400/400/power-drill/a/v/2/fk-5513-pro-650w-13mm-reversible-160pcs-foster-original-imaer2pbmpfaabsh.jpeg?q=90,https://rukminim1.flixcart.com/image/800/800/power-drill/a/v/2/fk-5513-pro-650w-13mm-reversible-160pcs-foster-original-imaer2pbmpfaabsh.jpeg?q=90
"https://www.flipkart.com/mobile-accessories/pr?sid=tyy,4mr&offer=nb:mp:01fa285a18&affid=srkrtp121",From ₹179,Quick Delivery,dotd,https://rukminim1.flixcart.com/flap/800/800/image/d39f043af5452e22.jpg?q=90,https://rukminim1.flixcart.com/flap/200/200/image/d39f043af5452e22.jpg?q=90,https://rukminim1.flixcart.com/flap/400/400/image/d39f043af5452e22.jpg?q=90,https://rukminim1.flixcart.com/flap/800/800/image/d39f043af5452e22.jpg?q=90
"https://www.flipkart.com/home-improvement/lawn-and-gardening/pr?sid=h1m,um7&offer=nb:mp:01c99e0517&hpid=Xp5-E6YO3eRsUNkou5JeOap7_Hsxr70nj65vMAAFKlc=&affid=srkrtp121",From ₹149,Best Selling,dotd,https://rukminim1.flixcart.com/image/800/800/k868how0/plant-container-set/6/g/r/basket-brwpgb-agami-original-imafq8erbsur3uge.jpeg?q=90,https://rukminim1.flixcart.com/image/200/200/k868how0/plant-container-set/6/g/r/basket-brwpgb-agami-original-imafq8erbsur3uge.jpeg?q=90,https://rukminim1.flixcart.com/image/400/400/k868how0/plant-container-set/6/g/r/basket-brwpgb-agami-original-imafq8erbsur3uge.jpeg?q=90,https://rukminim1.flixcart.com/image/800/800/k868how0/plant-container-set/6/g/r/basket-brwpgb-agami-original-imafq8erbsur3uge.jpeg?q=90
https://www.flipkart.com/dgv/~cs-2ahg97emxi/pr?sid=dgv&collection-tab-name=2022+Gift+Combo%2C+Calendars+and+Diaries&offer=nb:mp:01d8802f08&hpid=YQ90u1ahOpBWMY32PVOvgKp7_Hsxr70nj65vMAAFKlc=&affid=srkrtp121,Upto 70%+Extra10% off,"Parker, Signature & more",dotd,https://rukminim1.flixcart.com/image/800/800/ktq4l8w0/diary-notebook/r/l/d/frisco-brown-2022-signature-original-imag7yeduggejfzp.jpeg?q=90,https://rukminim1.flixcart.com/image/200/200/ktq4l8w0/diary-notebook/r/l/d/frisco-brown-2022-signature-original-imag7yeduggejfzp.jpeg?q=90,https://rukminim1.flixcart.com/image/400/400/ktq4l8w0/diary-notebook/r/l/d/frisco-brown-2022-signature-original-imag7yeduggejfzp.jpeg?q=90,https://rukminim1.flixcart.com/image/800/800/ktq4l8w0/diary-notebook/r/l/d/frisco-brown-2022-signature-original-imag7yeduggejfzp.jpeg?q=90
"https://www.flipkart.com/mobile-accessories/power-banks/pr?sid=tyy,4mr,fu6&offer=nb:mp:010f45ae17&hpid=ap1aXkLiutPjcqqFjiFotqp7_Hsxr70nj65vMAAFKlc=&affid=srkrtp121",From ₹499,"Ambrane, Syska & more",dotd,https://rukminim1.flixcart.com/image/800/800/krgohow0/power-bank/5/a/n/stylo-pro-stylo-pro-ambrane-original-imag58udxhdb2dmq.jpeg?q=90,https://rukminim1.flixcart.com/image/200/200/krgohow0/power-bank/5/a/n/stylo-pro-stylo-pro-ambrane-original-imag58udxhdb2dmq.jpeg?q=90,https://rukminim1.flixcart.com/image/400/400/krgohow0/power-bank/5/a/n/stylo-pro-stylo-pro-ambrane-original-imag58udxhdb2dmq.jpeg?q=90,https://rukminim1.flixcart.com/image/800/800/krgohow0/power-bank/5/a/n/stylo-pro-stylo-pro-ambrane-original-imag58udxhdb2dmq.jpeg?q=90
"https://www.flipkart.com/all/~cs-8buh04fd9h/pr?sid=all&collection-tab-name=Pan+and+Tawa&offer=nb:mp:0138d17614,nb:mp:01f96f8d10&affid=srkrtp121",From ₹199,"Hawkins,Cello and More",dotd,https://rukminim1.flixcart.com/flap/800/800/image/f18632de02a6b5ab.jpg?q=90,https://rukminim1.flixcart.com/flap/200/200/image/f18632de02a6b5ab.jpg?q=90,https://rukminim1.flixcart.com/flap/400/400/image/f18632de02a6b5ab.jpg?q=90,https://rukminim1.flixcart.com/flap/800/800/image/f18632de02a6b5ab.jpg?q=90
"https://www.flipkart.com/mobile-accessories/cases-and-covers/designer-cases-covers/pr?sid=tyy,4mr,q2u,qgl&offer=nb:mp:0167cfd618&affid=srkrtp121",Just ₹179,For All Top Models,dotd,https://rukminim1.flixcart.com/flap/800/800/image/3fff73b328fea335.jpg?q=90,https://rukminim1.flixcart.com/flap/200/200/image/3fff73b328fea335.jpg?q=90,https://rukminim1.flixcart.com/flap/400/400/image/3fff73b328fea335.jpg?q=90,https://rukminim1.flixcart.com/flap/800/800/image/3fff73b328fea335.jpg?q=90
https://www.flipkart.com/all/pr?sid=all&offer=nb:mp:01d8802f08&hpid=hv7nGyCqYfkfFXWWzu83KKp7_Hsxr70nj65vMAAFKlc=&affid=srkrtp121,Upto 70%+Extra 5% off,"Notebooks, Pens, Games & more",dotd,https://rukminim1.flixcart.com/image/800/800/k37mg7k0/pen/r/p/d/luxor-9000027998-original-imafme6kbvvw7vf4.jpeg?q=90,https://rukminim1.flixcart.com/image/200/200/k37mg7k0/pen/r/p/d/luxor-9000027998-original-imafme6kbvvw7vf4.jpeg?q=90,https://rukminim1.flixcart.com/image/400/400/k37mg7k0/pen/r/p/d/luxor-9000027998-original-imafme6kbvvw7vf4.jpeg?q=90,https://rukminim1.flixcart.com/image/800/800/k37mg7k0/pen/r/p/d/luxor-9000027998-original-imafme6kbvvw7vf4.jpeg?q=90
"https://www.flipkart.com/beauty-and-grooming/pr?sid=g9b&offer=nb:mp:0104e1d918,nb:mp:01d4527218&hpid=nKU9yIPT_pou4dFD4b_Z8qp7_Hsxr70nj65vMAAFKlc=&affid=srkrtp121",Extra 10% Off,"Pilgrim, Brillare, earthBaby..",dotd,https://rukminim1.flixcart.com/image/800/800/kdhphu80/shampoo/w/f/5/200-sulfate-free-shampoo-non-foaming-with-argan-oil-white-lotus-original-imafudjkc5phsarh.jpeg?q=90,https://rukminim1.flixcart.com/image/200/200/kdhphu80/shampoo/w/f/5/200-sulfate-free-shampoo-non-foaming-with-argan-oil-white-lotus-original-imafudjkc5phsarh.jpeg?q=90,https://rukminim1.flixcart.com/image/400/400/kdhphu80/shampoo/w/f/5/200-sulfate-free-shampoo-non-foaming-with-argan-oil-white-lotus-original-imafudjkc5phsarh.jpeg?q=90,https://rukminim1.flixcart.com/image/800/800/kdhphu80/shampoo/w/f/5/200-sulfate-free-shampoo-non-foaming-with-argan-oil-white-lotus-original-imafudjkc5phsarh.jpeg?q=90
"https://www.flipkart.com/home-furnishing/curtains-accessories/pr?sid=jra,sl5&offer=nb:mp:0182de0f15,nb:mp:01dc3ae815,nb:mp:01e86dd115&hpid=x6kqXswL4P6RB8NRWceeLap7_Hsxr70nj65vMAAFKlc=&affid=srkrtp121",From ₹99 + 10% OFF,For Window & Door,dotd,https://rukminim1.flixcart.com/image/800/800/k4k7f680/curtain/z/m/q/beige-colour-paisley-jb-blackout-eyelet-curtain-for-long-door-original-imafhd6xwu5d7pxg.jpeg?q=90,https://rukminim1.flixcart.com/image/200/200/k4k7f680/curtain/z/m/q/beige-colour-paisley-jb-blackout-eyelet-curtain-for-long-door-original-imafhd6xwu5d7pxg.jpeg?q=90,https://rukminim1.flixcart.com/image/400/400/k4k7f680/curtain/z/m/q/beige-colour-paisley-jb-blackout-eyelet-curtain-for-long-door-original-imafhd6xwu5d7pxg.jpeg?q=90,https://rukminim1.flixcart.com/image/800/800/k4k7f680/curtain/z/m/q/beige-colour-paisley-jb-blackout-eyelet-curtain-for-long-door-original-imafhd6xwu5d7pxg.jpeg?q=90
https://www.flipkart.com/mens-footwear/~sandals-and-slippers/pr?sid=osp%2Ccil&p%5B%5D=facets.brand%255B%255D%3DBond%2BStreet%2BBy%2BRed%2BTape&p%5B%5D=facets.brand%255B%255D%3DBata&p%5B%5D=facets.brand%255B%255D%3DBata%2BLeisure&p%5B%5D=facets.brand%255B%255D%3DADIDAS%2BNEO&p%5B%5D=facets.brand%255B%255D%3DRED%2BCHIEF&p%5B%5D=facets.brand%255B%255D%3DHUSH%2BPUPPIES&p%5B%5D=facets.brand%255B%255D%3DPeter%2BEngland%2BPE&p%5B%5D=facets.brand%255B%255D%3DADIDAS%2BORIGINALS&p%5B%5D=facets.brand%255B%255D%3DConverse&p%5B%5D=facets.brand%255B%255D%3DV%2BDot%2BVan%2BHeusen&p%5B%5D=facets.brand%255B%255D%3DSole%2BThreads&p%5B%5D=facets.brand%255B%255D%3DWildcraft&p%5B%5D=facets.brand%255B%255D%3DSuperdry&p%5B%5D=facets.brand%255B%255D%3DREEBOK%2BCLASSICS&p%5B%5D=facets.brand%255B%255D%3DJACK%2B%2526%2BJONES&p%5B%5D=facets.brand%255B%255D%3DALDO&p%5B%5D=facets.brand%255B%255D%3DFRANCO%2BLEONE&p%5B%5D=facets.brand%255B%255D%3DAllen%2BSolly&p%5B%5D=facets.brand%255B%255D%3DSpykar&p%5B%5D=facets.brand%255B%255D%3DGliders%2Bby%2BLiberty&p%5B%5D=facets.brand%255B%255D%3DFsports&p%5B%5D=facets.brand%255B%255D%3DBen%2BSherman&p%5B%5D=facets.brand%255B%255D%3DA-HA%2BBy%2BLiberty&p%5B%5D=facets.brand%255B%255D%3DLakhani&p%5B%5D=facets.brand%255B%255D%3DAqualite&p%5B%5D=facets.brand%255B%255D%3DParagon&p%5B%5D=facets.brand%255B%255D%3DKhadim%2527s&p%5B%5D=facets.brand%255B%255D%3DFrench%2BConnection&p%5B%5D=facets.brand%255B%255D%3Dether&p%5B%5D=facets.brand%255B%255D%3DNORTH%2BSTAR&p%5B%5D=facets.brand%255B%255D%3DLakhani%2Btouch&p%5B%5D=facets.brand%255B%255D%3DCarlton%2BLondon%2BMr.CL&p%5B%5D=facets.brand%255B%255D%3DV8%2Bby%2BRuosh&p%5B%5D=facets.brand%255B%255D%3DV%2BDot&p%5B%5D=facets.brand%255B%255D%3DEthnix%2Bby%2BRaymond&p%5B%5D=facets.brand%255B%255D%3DBRITISH%2BKNIGHTS&p%5B%5D=facets.brand%255B%255D%3DPROVOGUE&p%5B%5D=facets.brand%255B%255D%3DLEE%2BCOOPER&p%5B%5D=facets.brand%255B%255D%3DWOODLAND&p%5B%5D=facets.brand%255B%255D%3DVANS&p%5B%5D=facets.brand%255B%255D%3DLEVI%2527S&p%5B%5D=facets.brand%255B%255D%3DU.S.%2BPOLO%2BASSN.&p%5B%5D=facets.brand%255B%255D%3DRED%2BTAPE&p%5B%5D=facets.brand%255B%255D%3DCROCS&p%5B%5D=facets.brand%255B%255D%3DSPARX&p%5B%5D=facets.brand%255B%255D%3DCARLTON%2BLONDON&p%5B%5D=facets.brand%255B%255D%3DCLARKS&p%5B%5D=facets.brand%255B%255D%3DINDIGO%2BNATION&p%5B%5D=facets.brand%255B%255D%3DMETRONAUT&p%5B%5D=facets.brand%255B%255D%3DSAN%2BFRISSCO&p%5B%5D=facets.brand%255B%255D%3DARROW&p%5B%5D=facets.brand%255B%255D%3DFLYING%2BMACHINE&p%5B%5D=facets.brand%255B%255D%3DRUOSH&p%5B%5D=facets.brand%255B%255D%3DPAVERS%2BENGLAND&p%5B%5D=facets.brand%255B%255D%3DDIESEL&p%5B%5D=facets.brand%255B%255D%3DCALL%2BIT%2BSPRING&p%5B%5D=facets.brand%255B%255D%3DVAN%2BHEUSEN&p%5B%5D=facets.brand%255B%255D%3DAsics%2BTIGER&p%5B%5D=facets.brand%255B%255D%3DDUCATI&p%5B%5D=facets.brand%255B%255D%3DMERRELL&p%5B%5D=facets.brand%255B%255D%3DTOMMY%2BHILFIGER&p%5B%5D=facets.brand%255B%255D%3DPARK%2BAVENUE&p%5B%5D=facets.brand%255B%255D%3DALBERTO%2BTORRESI&p%5B%5D=facets.brand%255B%255D%3DAEROPOSTALE&p%5B%5D=facets.brand%255B%255D%3DCOOLERS%2BBY%2BLIBERTY&p%5B%5D=facets.brand%255B%255D%3DDUKE&p%5B%5D=facets.brand%255B%255D%3DLIBERTY&p%5B%5D=facets.brand%255B%255D%3DACTION&p%5B%5D=facets.brand%255B%255D%3DMUFTI&p%5B%5D=facets.brand%255B%255D%3DPEOPLE&p%5B%5D=facets.brand%255B%255D%3DMOCHI&p%5B%5D=facets.brand%255B%255D%3DNEWPORT&p%5B%5D=facets.brand%255B%255D%3DFLORSHEIM&p%5B%5D=facets.brand%255B%255D%3DMETRO&p%5B%5D=facets.brand%255B%255D%3DWALKAROO&p%5B%5D=facets.brand%255B%255D%3DED%2BHARDY&p%5B%5D=facets.brand%255B%255D%3DMast%2B%2526%2BHarbour&p%5B%5D=facets.brand%255B%255D%3DWROGN&p%5B%5D=facets.brand%255B%255D%3DRoadster&p%5B%5D=facets.brand%255B%255D%3DKook%2BN%2BKeech&p%5B%5D=facets.brand%255B%255D%3DFLITE&p%5B%5D=facets.discount_range_v1%255B%255D%3D30%2525%2Bor%2Bmore&offer=nb:mp:0198448c18&hpid=C3x_vdCCl1RKT-vOxcGjUKp7_Hsxr70nj65vMAAFKlc=&affid=srkrtp121,Min30%+Extra10%off,"Men's Sandals, Clogs & more",dotd,https://rukminim1.flixcart.com/image/800/800/kmz7qfk0/sandal/p/4/c/6-ogd-3331119-40-woodland-paris-khaki-original-imagfrdjyz7wzx9g.jpeg?q=90,https://rukminim1.flixcart.com/image/200/200/kmz7qfk0/sandal/p/4/c/6-ogd-3331119-40-woodland-paris-khaki-original-imagfrdjyz7wzx9g.jpeg?q=90,https://rukminim1.flixcart.com/image/400/400/kmz7qfk0/sandal/p/4/c/6-ogd-3331119-40-woodland-paris-khaki-original-imagfrdjyz7wzx9g.jpeg?q=90,https://rukminim1.flixcart.com/image/800/800/kmz7qfk0/sandal/p/4/c/6-ogd-3331119-40-woodland-paris-khaki-original-imagfrdjyz7wzx9g.jpeg?q=90
https://www.flipkart.com/home-improvement/pr?sid=h1m&offer=nb:mp:013a062f17&hpid=TfdkZqT3uBzy1Rml73xW3qp7_Hsxr70nj65vMAAFKlc=&affid=srkrtp121,Up to 60% Off,Best Selling,dotd,https://rukminim1.flixcart.com/image/800/800/knknc7k0/hook/v/3/m/reusable-wall-hangers-self-adhesive-8-pcs-utility-wall-sticker-original-imag27d37ftcdvhk.jpeg?q=90,https://rukminim1.flixcart.com/image/200/200/knknc7k0/hook/v/3/m/reusable-wall-hangers-self-adhesive-8-pcs-utility-wall-sticker-original-imag27d37ftcdvhk.jpeg?q=90,https://rukminim1.flixcart.com/image/400/400/knknc7k0/hook/v/3/m/reusable-wall-hangers-self-adhesive-8-pcs-utility-wall-sticker-original-imag27d37ftcdvhk.jpeg?q=90,https://rukminim1.flixcart.com/image/800/800/knknc7k0/hook/v/3/m/reusable-wall-hangers-self-adhesive-8-pcs-utility-wall-sticker-original-imag27d37ftcdvhk.jpeg?q=90
"https://www.flipkart.com/furniture/pr?sid=wwe&offer=nb:mp:0150efe416,nb:mp:018b71d016,nb:mp:01b3d72e16&hpid=edltECH60tEW8EI25nyKxqp7_Hsxr70nj65vMAAFKlc=&affid=srkrtp121",From ₹199,Deal Of The Day,dotd,https://rukminim1.flixcart.com/image/800/800/jmgmmq80/home-temple/h/s/j/srhd713-maroon-embs-l-home-crafts-original-imaf9cfrhhq9pxrq.jpeg?q=90,https://rukminim1.flixcart.com/image/200/200/jmgmmq80/home-temple/h/s/j/srhd713-maroon-embs-l-home-crafts-original-imaf9cfrhhq9pxrq.jpeg?q=90,https://rukminim1.flixcart.com/image/400/400/jmgmmq80/home-temple/h/s/j/srhd713-maroon-embs-l-home-crafts-original-imaf9cfrhhq9pxrq.jpeg?q=90,https://rukminim1.flixcart.com/image/800/800/jmgmmq80/home-temple/h/s/j/srhd713-maroon-embs-l-home-crafts-original-imaf9cfrhhq9pxrq.jpeg?q=90
"https://www.flipkart.com/home-lighting/pr?sid=jhg&p[]=facets.serviceability%5B%5D%3Dtrue&offer=nb:mp:01919fe115,nb:mp:01b54a6017&hpid=QaDNZKcmoOFR-WgX3wTLCap7_Hsxr70nj65vMAAFKlc=&affid=srkrtp121",Extra 10% Offer,Home Lighting Range,dotd,https://rukminim1.flixcart.com/image/800/800/kpodocw0/emergency-light/z/0/i/glow-light-84-led-rechargeable-emergency-light-halonix-original-imag3vfgxgeqgwmt.jpeg?q=90,https://rukminim1.flixcart.com/image/200/200/kpodocw0/emergency-light/z/0/i/glow-light-84-led-rechargeable-emergency-light-halonix-original-imag3vfgxgeqgwmt.jpeg?q=90,https://rukminim1.flixcart.com/image/400/400/kpodocw0/emergency-light/z/0/i/glow-light-84-led-rechargeable-emergency-light-halonix-original-imag3vfgxgeqgwmt.jpeg?q=90,https://rukminim1.flixcart.com/image/800/800/kpodocw0/emergency-light/z/0/i/glow-light-84-led-rechargeable-emergency-light-halonix-original-imag3vfgxgeqgwmt.jpeg?q=90
"https://www.flipkart.com/wearable-smart-devices/smart-watches/pr?sid=ajy,buh&offer=nb:mp:010d4bf717&affid=srkrtp121",From ₹1999,Grab Now,dotd,https://rukminim1.flixcart.com/image/800/800/ky1vl3k0/smartwatch/m/3/2/-original-imagadgt9afzhgrk.jpeg?q=90,https://rukminim1.flixcart.com/image/200/200/ky1vl3k0/smartwatch/m/3/2/-original-imagadgt9afzhgrk.jpeg?q=90,https://rukminim1.flixcart.com/image/400/400/ky1vl3k0/smartwatch/m/3/2/-original-imagadgt9afzhgrk.jpeg?q=90,https://rukminim1.flixcart.com/image/800/800/ky1vl3k0/smartwatch/m/3/2/-original-imagadgt9afzhgrk.jpeg?q=90
"https://www.flipkart.com/clothing-and-accessories/~cs-x385108gkg/pr?sid=clo&collection-tab-name=Shirts%2C+Trousers..&p%5B%5D=facets.price_range.from%3D2000&p%5B%5D=facets.price_range.to%3DMax&sort=popularity&offer=nb:mp:0075179f24,nb:mp:00cdd5b624&hpid=eB8mrQ_dyvj6B6XRVAQQ-6p7_Hsxr70nj65vMAAFKlc=&affid=srkrtp121",Upto 70% Off,"Shirts, Trousers..",steal-deals,https://rukminim1.flixcart.com/image/800/800/km57hjk0/shirt/8/x/x/l-sdn-check-black-red-u-turn-original-imagf4fvy6hc3kuz.jpeg?q=90,https://rukminim1.flixcart.com/image/200/200/km57hjk0/shirt/8/x/x/l-sdn-check-black-red-u-turn-original-imagf4fvy6hc3kuz.jpeg?q=90,https://rukminim1.flixcart.com/image/400/400/km57hjk0/shirt/8/x/x/l-sdn-check-black-red-u-turn-original-imagf4fvy6hc3kuz.jpeg?q=90,https://rukminim1.flixcart.com/image/800/800/km57hjk0/shirt/8/x/x/l-sdn-check-black-red-u-turn-original-imagf4fvy6hc3kuz.jpeg?q=90
https://www.flipkart.com/all/~cs-hfe2dat22d/pr?sid=all&collection-tab-name=Hyperx-Dotw&hpid=sbV4g-EB044tuTlubGcZdKp7_Hsxr70nj65vMAAFKlc=&affid=srkrtp121,"From ₹2,590",Shop Now,steal-deals,https://rukminim1.flixcart.com/image/800/800/kyag87k0/headphone/m/d/o/cloud-alpha-black-pro-hyperx-original-imagak7fn9c3fy5j.jpeg?q=90,https://rukminim1.flixcart.com/image/200/200/kyag87k0/headphone/m/d/o/cloud-alpha-black-pro-hyperx-original-imagak7fn9c3fy5j.jpeg?q=90,https://rukminim1.flixcart.com/image/400/400/kyag87k0/headphone/m/d/o/cloud-alpha-black-pro-hyperx-original-imagak7fn9c3fy5j.jpeg?q=90,https://rukminim1.flixcart.com/image/800/800/kyag87k0/headphone/m/d/o/cloud-alpha-black-pro-hyperx-original-imagak7fn9c3fy5j.jpeg?q=90
"https://www.flipkart.com/furniture/mattresses/pr?sid=wwe,rg9&p[]=facets.price_range.from%3D2000&p[]=facets.price_range.to%3DMax&offer=nb:mp:0198321e15,nb:mp:01aaed7c15,nb:mp:01c2b46d15&hpid=GSoTTW8ZQ1LEjxo3OPiWdqp7_Hsxr70nj65vMAAFKlc=&affid=srkrtp121",Upto 40% off,"Spring, Coir, Foam ...",steal-deals,https://rukminim1.flixcart.com/image/800/800/kydb3ww0/bed-mattress/e/o/q/normal-top-king-8-siesta-plush-orthopedic-100-virgin-natural-original-imagam23wuszhkvc.jpeg?q=90,https://rukminim1.flixcart.com/image/200/200/kydb3ww0/bed-mattress/e/o/q/normal-top-king-8-siesta-plush-orthopedic-100-virgin-natural-original-imagam23wuszhkvc.jpeg?q=90,https://rukminim1.flixcart.com/image/400/400/kydb3ww0/bed-mattress/e/o/q/normal-top-king-8-siesta-plush-orthopedic-100-virgin-natural-original-imagam23wuszhkvc.jpeg?q=90,https://rukminim1.flixcart.com/image/800/800/kydb3ww0/bed-mattress/e/o/q/normal-top-king-8-siesta-plush-orthopedic-100-virgin-natural-original-imagam23wuszhkvc.jpeg?q=90
"https://www.flipkart.com/home-furnishing/bed-linen-blankets/pr?sid=jra,knw&p[]=facets.price_range.from%3D500&p[]=facets.price_range.to%3DMax&p[]=facets.is_gst%255B%255D%3DGST%2BInvoice%2BAvailable&p[]=facets.brand%255B%255D%3DBombay%2BDyeing&p[]=facets.brand%255B%255D%3DRaymond%2BHome&p[]=facets.brand%255B%255D%3DStory%2540home&p[]=facets.brand%255B%255D%3DMoca%2Bby%2BMonte%2BCarlo&p[]=facets.brand%255B%255D%3DTRIDENT&p[]=facets.brand%255B%255D%3DPORTICO%2BNEW%2BYORK&p[]=facets.brand%255B%255D%3DMONTE%2BCARLO&p[]=facets.brand%255B%255D%3DMaspar&p[]=facets.brand%255B%255D%3DMETRO%2BLIVING&p[]=facets.brand%255B%255D%3DSWAYAM&p[]=facets.brand%255B%255D%3DHuesland&p[]=facets.brand%255B%255D%3DDUROFLEX&p[]=facets.brand%255B%255D%3DSEJ%2BBY%2BNISHA%2BGUPTA&p[]=facets.brand%255B%255D%3DCHHAVI%2BINDIA&offer=nb:mp:012cf90f15&hpid=inK3vX6DwQWfbhvDEn2AWap7_Hsxr70nj65vMAAFKlc=&affid=srkrtp121",Upto 65% OFF,"Raymond, Swayam & more",steal-deals,https://rukminim1.flixcart.com/image/800/800/kr3tj0w0/bedsheet/z/m/5/magic-mg1408-flat-story-home-original-imag4z5vvjhvppy6.jpeg?q=90,https://rukminim1.flixcart.com/image/200/200/kr3tj0w0/bedsheet/z/m/5/magic-mg1408-flat-story-home-original-imag4z5vvjhvppy6.jpeg?q=90,https://rukminim1.flixcart.com/image/400/400/kr3tj0w0/bedsheet/z/m/5/magic-mg1408-flat-story-home-original-imag4z5vvjhvppy6.jpeg?q=90,https://rukminim1.flixcart.com/image/800/800/kr3tj0w0/bedsheet/z/m/5/magic-mg1408-flat-story-home-original-imag4z5vvjhvppy6.jpeg?q=90
